min,max,avg,stdev
0.3168890046405506,1.8490575022222018,1.0372239351259496,0.33338524859496543
0.48616068064352325,1.8490575022222018,1.1393258887087674,0.25819746968479323
0.4549156890768561,1.8490575022222018,1.3252676966446972,0.2321140870896606
1.2016022354203533,1.8490575022222018,1.4970255823687117,0.18984923889635993
0.052988571761311665,1.8490575022222018,1.5852098200321867,0.30877230713955267
0.4591942443450153,1.8490575022222018,1.6996449066909596,0.24829151489622467
0.3119451047833489,1.8500958049280998,1.7594458898550185,0.23038990788401703
0.4495209184396909,1.8505918493449176,1.788611065016524,0.2496064205301795
0.4495209184396909,1.8505918493449176,1.7619263526465982,0.2710088170665355
0.4495209184396909,1.8505918493449176,1.7887332274662493,0.22600849437355947
0.6485731988809526,1.8505918493449176,1.8025582481133822,0.21076778170022079
1.0025135841474526,1.8505918493449176,1.815673454207598,0.14016609421423987
0.6499017276728295,1.8505918493449176,1.8050855886710806,0.20290507059905924
0.4499027146324578,1.8505918493449176,1.799589054737463,0.22618449116364886
0.04946785581958524,1.8505918493449176,1.7889236651817055,0.27797276204527077
0.6491731973116281,1.8505918493449176,1.8081630644720335,0.1955122812313184
0.8489902145035636,1.8505918493449176,1.7946852306257808,0.20628491335543783
0.24934844549057988,1.8505918493449176,1.7779728853983756,0.2879906520456116
0.24934844549057988,1.8505918493449176,1.7809210819642545,0.26624245305798605
0.24934844549057988,1.8505951991116696,1.7913193305156196,0.2716009829203
0.8489902145035636,1.8505951991116696,1.8119950946956747,0.1565331782659935
0.8511889009899446,1.8505951991116696,1.7825965824804353,0.2424572833325356
0.04947585362427154,1.8505951991116696,1.8045981359034746,0.23413255690325296
0.2493337481523893,1.8505951991116696,1.7782400405337067,0.2692171853310933
0.04946785581958524,1.8505951991116696,1.7822611026660922,0.2715707993944165
0.6490495372086251,1.8505951991116696,1.8064777008461015,0.21776567177965253
0.8489074317367429,1.8505951991116696,1.819625328141524,0.14724072093581633
0.04947585362427154,1.8505951991116696,1.7576517038072321,0.3149039074782488
0.04947585362427154,1.8505951991116696,1.760532267443724,0.30855472695825376
0.44919164268050715,1.8505951991116696,1.7982051853351666,0.23580345783128653
0.8513057264710804,1.8505951991116696,1.7972392581682228,0.1836613478708616
0.2493337481523893,1.8505951991116696,1.7846985997623195,0.2660640278928
0.44919164268050715,1.8505951991116696,1.7806993501157478,0.2570522421461502
0.04947585362427154,1.8505951991116696,1.792753061553265,0.2662062179032512
0.2493337481523893,1.8505951991116696,1.8057660256646497,0.22552793728300286
0.2493337481523893,1.8505951991116696,1.7667102859543624,0.2905275019380149
0.2493337481523893,1.8505951991116696,1.7897166555863464,0.2587036344775242
0.2493337481523893,1.8505951991116696,1.7457318490872242,0.32668270517219034
0.04947585362427154,1.8505951991116696,1.8032974384790865,0.23933034863907374
0.6490495372086251,1.8505951991116696,1.7525124790625792,0.2857827318361453
0.44919164268050715,1.8505951991116696,1.8245564380680406,0.17120037197753735
0.2493337481523893,1.8505951991116696,1.8105450264638545,0.21253785262570904
0.44919164268050715,1.8505951991116696,1.8115655710263503,0.18484764540804785
0.6490495372086251,1.8505951991116696,1.8223256823939937,0.1581320952209233
0.8513057264710804,1.8505951991116696,1.8032181418643858,0.16921224071182245
0.2493337481523893,1.8505951991116696,1.8062497940845847,0.21970122121841484
0.2493337481523893,1.8505951991116696,1.7850140381761002,0.25956122982024815
0.04947585362427154,1.8505951991116696,1.7948270919818576,0.26637892424905896
0.8513057264710804,1.8505951991116696,1.810640638135293,0.16076706751679246
0.04947585362427154,1.8505951991116696,1.7896468797098877,0.2694541080630608
0.2493337481523893,1.8505951991116696,1.7590427162820566,0.3142080628721278
0.2493337481523893,1.8505951991116696,1.7678282597064199,0.27084294749325605
0.8489074317367429,1.8505951991116696,1.818551263542978,0.16189031483675337
0.6490495372086251,1.8505951991116696,1.8069607459691976,0.19331077908200717
0.2493337481523893,1.8505951991116696,1.7792018892625037,0.26623219956815825
0.2493337481523893,1.8505951991116696,1.791012077393021,0.24433832235523223
0.04947585362427154,1.8505951991116696,1.7723472040933326,0.2893378246385327
0.8513057264710804,1.8505951991116696,1.8094524563633625,0.15836660511642262
0.44919164268050715,1.8505951991116696,1.799136012555926,0.22592553885580438
0.2493337481523893,1.8505951991116696,1.8149686921820325,0.19797643593743836
0.8513057264710804,1.8505951991116696,1.8112221501548225,0.16799813057906543
0.04947585362427154,1.8505951991116696,1.7658361692373112,0.3056196386174551
0.04947585362427154,1.8505951991116696,1.7748815027478724,0.2848795401538996
0.04947585362427154,1.8505951991116696,1.764398180006203,0.2921772136322988
1.0301973743551518,1.8505951991116696,1.8059475027343397,0.15217752294760442
0.44919164268050715,1.8505951991116696,1.7681041058068268,0.26207812965084804
0.8489074317367429,1.8505951991116696,1.7977560346391082,0.20836381586337874
0.8513057264710804,1.8505951991116696,1.7940620919251344,0.20522345948947754
0.44919164268050715,1.8505951991116696,1.8146803917085328,0.18891769256835275
0.44919164268050715,1.8505951991116696,1.7743295707064715,0.2751974797829639
0.44919164268050715,1.8505951991116696,1.7910309827018012,0.23002548380280516
0.8513057264710804,1.8505951991116696,1.8207333595659498,0.1612206391032284
0.44919164268050715,1.8505951991116696,1.7851379144502266,0.24427907113202685
0.6490495372086251,1.8505951991116696,1.7475565325609181,0.3003568680744369
0.04947585362427154,1.8505951991116696,1.7539727067473065,0.31146788857389013
0.04947585362427154,1.8505951991116696,1.7831968472257764,0.2860645628903837
0.44919164268050715,1.8505951991116696,1.7963697933450293,0.2443506109681469
0.8513057264710804,1.8505951991116696,1.8199278310293645,0.1551666881704119
0.04947585362427154,1.8505951991116696,1.8183993747217029,0.20779574222460062
0.8489074317367429,1.8505951991116696,1.8103646688411859,0.17534615069195206
0.2493337481523893,1.8505951991116696,1.7790036367825983,0.27948719283098294
0.04947585362427154,1.8505951991116696,1.8098852055557586,0.22193909097305442
0.8489074317367429,1.8505951991116696,1.8217069641587025,0.14706022958971715
0.8513057264710804,1.8505951991116696,1.8138210926411478,0.17506331898724112
0.8489074317367429,1.8505951991116696,1.7800474986221622,0.23440202604986327
0.8513057264710804,1.8505951991116696,1.7920299665211232,0.210336629555568
0.2493337481523893,1.8505951991116696,1.7762596139745626,0.2921098910812027
0.44919164268050715,1.8505951991116696,1.8027422378797067,0.21766799977865559
0.04947585362427154,1.8505951991116696,1.8003522784325618,0.24117757448565016
0.8489074317367429,1.8505951991116696,1.8060427486830855,0.19620537903378318
0.44919164268050715,1.8505951991116696,1.7962717988518313,0.22382966959409387
0.44919164268050715,1.8505951991116696,1.802236570308808,0.22165572897851846
0.04947585362427154,1.8505951991116696,1.7606828417380405,0.32580613493660127
0.8489074317367429,1.8505951991116696,1.7719589688062793,0.25385016204703365
0.6490495372086251,1.8505951991116696,1.8016946045574218,0.21489375026577745
0.6490495372086251,1.8505951991116696,1.8020458989560095,0.1984556869998724
0.8489074317367429,1.8505951991116696,1.7985656655578626,0.20633807866097825
0.2493337481523893,1.8505951991116696,1.7719286448267793,0.2772893506309697
0.8513057264710804,1.8505951991116696,1.8156856382392832,0.17047995955303435
0.2493337481523893,1.8505951991116696,1.8266782248191233,0.16806824907397946
0.2493337481523893,1.8505951991116696,1.8017308411680721,0.21236934338278812
0.2493337481523893,1.8505951991116696,1.778109043940628,0.28125491093373023
0.8513057264710804,1.8505951991116696,1.7799691956707642,0.23302367334020294
0.04947585362427154,1.8505951991116696,1.7944339807947045,0.2616196160685477
0.44919164268050715,1.8505951991116696,1.7666990491009216,0.2872616698921329
0.2493337481523893,1.8505951991116696,1.7472315007563515,0.3491161965874418
0.04947585362427154,1.8505951991116696,1.7578184485632398,0.332429664315712
0.04947585362427154,1.8505951991116696,1.7490023530770826,0.3676384346770221
0.2493337481523893,1.8505951991116696,1.7801913508606462,0.2618857056053426
0.6490495372086251,1.8505951991116696,1.8178890596951902,0.1742368290001951
0.2493337481523893,1.8505951991116696,1.7945559216192666,0.2461013975238778
0.04947585362427154,1.8505951991116696,1.7585950489444917,0.30703751291309617
0.6490495372086251,1.8505951991116696,1.779079325114041,0.2409080273052128
0.2493337481523893,1.8505951991116696,1.7887135664908342,0.26757880555558233
0.2493337481523893,1.8505951991116696,1.8121882194947119,0.2038037115021702
0.8513057264710804,1.8505951991116696,1.793847061145863,0.2107039975452613
0.04947585362427154,1.8505951991116696,1.7611304868538684,0.3093104700878345
0.8513057264710804,1.8505951991116696,1.790188545775295,0.23841959110028957
0.44919164268050715,1.8505951991116696,1.8128495964658473,0.19758043790750646
0.8513057264710804,1.8505951991116696,1.7998658651149255,0.19093409432937153
0.8513057264710804,1.8505951991116696,1.8092879710205125,0.17024245190241644
0.8513057264710804,1.8505951991116696,1.8202517968757146,0.153671694244931
0.2493337481523893,1.8505951991116696,1.7486397099055642,0.3195658941419903
0.8513057264710804,1.8505951991116696,1.813485160792637,0.1749634745466676
0.2493337481523893,1.8505951991116696,1.762622176304943,0.2986870256865742
0.04947585362427154,1.8505951991116696,1.7560739404468495,0.3404377981387844
1.0511636209991981,1.8505951991116696,1.8372946158060843,0.08802198512476514
0.6490495372086251,1.8505951991116696,1.7821319536104079,0.2526671260635834
0.44919164268050715,1.8505951991116696,1.8201791827537206,0.1752845388506134
0.04947585362427154,1.8505951991116696,1.7841530910577266,0.2555908647080281
0.04947585362427154,1.8505951991116696,1.76920838984077,0.3012697590556017
0.2493337481523893,1.8505951991116696,1.7828124635690137,0.27892560251289167
1.0301973743551518,1.8505951991116696,1.8299337559785378,0.11398827755595792
0.2493337481523893,1.8505951991116696,1.770207817976825,0.2855289808040908
0.04947585362427154,1.8505951991116696,1.8107955569894347,0.21481034641567567
0.04947585362427154,1.8505951991116696,1.7671018830937493,0.3121253625199971
0.04947585362427154,1.8505951991116696,1.7905951360219483,0.2718884096752852
0.04947585362427154,1.8505951991116696,1.7665943968633757,0.29468575234871225
0.04947585362427154,1.8505951991116696,1.7626171129906698,0.3452025145507985
0.6490495372086251,1.8505951991116696,1.7936301706311135,0.22141840233119464
0.44919164268050715,1.8505951991116696,1.7851296278739486,0.24380948652005333
0.44919164268050715,1.8505951991116696,1.7991183467558054,0.23062389963472277
0.8513057264710804,1.8505951991116696,1.8302005527151004,0.11079120005473535
0.04947585362427154,1.8505951991116696,1.8083098258986852,0.21647855446854522
0.2493337481523893,1.8505951991116696,1.8051425065939768,0.22042878998442553
0.2493337481523893,1.8505951991116696,1.776670138936993,0.284609864475816
0.2493337481523893,1.8505951991116696,1.80445395736433,0.22662391592240472
0.44919164268050715,1.8505951991116696,1.788600780888071,0.22891081415066988
0.2493337481523893,1.8505951991116696,1.8068798365105394,0.22388456266184945
0.6490495372086251,1.8505951991116696,1.7865047715758664,0.22549511337262326
0.04947585362427154,1.8505951991116696,1.7811248260311807,0.3046339278905148
0.2493337481523893,1.8505951991116696,1.7804074086177706,0.2494087739163316
0.8513057264710804,1.8505951991116696,1.8046081073374842,0.19621282046026953
0.2493337481523893,1.8505951991116696,1.7868068010981142,0.25717501538469384
0.2493337481523893,1.8505951991116696,1.8153419148436003,0.20316954173262836
0.2493337481523893,1.8505951991116696,1.8108523770053133,0.19650602211508766
0.44919164268050715,1.8505951991116696,1.7569613076942545,0.2971254458120561
0.2493337481523893,1.8505951991116696,1.778082509174003,0.2759672438192164
0.8513057264710804,1.8505951991116696,1.811353325825518,0.17828687164166118
0.04947585362427154,1.8505951991116696,1.8026268624941164,0.24019511165235738
0.8513057264710804,1.8505951991116696,1.8008509718488677,0.1933765363156104
0.44919164268050715,1.8505951991116696,1.7921051352884894,0.23464640087758631
0.8513057264710804,1.8505951991116696,1.785028708211361,0.22856226824138598
0.8489074317367429,1.8505951991116696,1.8161968243326638,0.1654839942014653
0.04947585362427154,1.8505951991116696,1.739864608511413,0.3716479604174559
0.8513057264710804,1.8505951991116696,1.8231437126296015,0.14049125741181956
0.8489074317367429,1.8505951991116696,1.7824388678239922,0.23917508539363716
0.44919164268050715,1.8505951991116696,1.7988160281173833,0.21450678681268642
0.8489074317367429,1.8505951991116696,1.8180388385862554,0.1564877192256887
0.04947585362427154,1.8505951991116696,1.7831700837976365,0.26447248928904477
0.6490495372086251,1.8505951991116696,1.8156140829340577,0.1729528847105814
0.2493337481523893,1.8505951991116696,1.7650181447462003,0.27479249242436915
0.6490495372086251,1.8505951991116696,1.7950865678403067,0.21378931655201527
0.2493337481523893,1.8505951991116696,1.8007790047888912,0.2199956199197638
0.44919164268050715,1.8505951991116696,1.7988519098980709,0.2283625254973141
0.44919164268050715,1.8505951991116696,1.772286969813307,0.27696221575234037
0.2493337481523893,1.8505951991116696,1.8017369264257044,0.21814730397265775
0.8513057264710804,1.8505951991116696,1.8253216598994677,0.1410787450443819
0.8513057264710804,1.8505951991116696,1.815284895025647,0.17141252149753586
0.2493337481523893,1.8505951991116696,1.7876116343524415,0.2448653886283033
0.04947585362427154,1.8505951991116696,1.816480005372455,0.205142995340147
0.04947585362427154,1.8505951991116696,1.7882683618098434,0.25190318868805983
0.04947585362427154,1.8505951991116696,1.768522640797982,0.3017274835018756
0.04947585362427154,1.8505951991116696,1.7451327893576063,0.3381425567887252
0.2493337481523893,1.8505951991116696,1.783898540454354,0.24052555649676516
0.2493337481523893,1.8505951991116696,1.7773334391201308,0.2587792999178863
0.04947585362427154,1.8505951991116696,1.811809197761044,0.22681797517105987
0.04947585362427154,1.8505951991116696,1.7620912617247422,0.31216614311252067
0.6490495372086251,1.8505951991116696,1.8069328347982332,0.18038778182423884
0.8489074317367429,1.8505951991116696,1.7966126800394497,0.22102751023005227
0.44919164268050715,1.8505951991116696,1.7729266889492161,0.26169546987273246
0.2493337481523893,1.8505951991116696,1.7759662602489155,0.26621791710036563
0.2493337481523893,1.8505951991116696,1.767873630799176,0.30008681936734755
0.44919164268050715,1.8505951991116696,1.7887653732021882,0.23128877543074294
0.04947585362427154,1.8505951991116696,1.788515351548135,0.23826614060163182
0.2493337481523893,1.8505951991116696,1.8002374462850264,0.2308253133666669
0.04947585362427154,1.8505951991116696,1.7860313482873686,0.2996298387929439
0.04947585362427154,1.8505951991116696,1.769419869655451,0.29230553359662503
0.2493337481523893,1.8505951991116696,1.7879225526153601,0.2766689477641168
0.44919164268050715,1.8505951991116696,1.7821869377094992,0.26092278370145355
0.8489074317367429,1.8505951991116696,1.793754527675169,0.2244987400835459
0.04947585362427154,1.8505951991116696,1.7771080325518056,0.26241205830725145
0.04947585362427154,1.8505951991116696,1.7818184798813952,0.2931546073722152
0.2493337481523893,1.8505951991116696,1.816298814749993,0.19706770661193465
0.8489074317367429,1.8505951991116696,1.80340509380505,0.1958281199479636
0.8489074317367429,1.8505951991116696,1.8099191196022548,0.17093618453844556
0.04947585362427154,1.8505951991116696,1.7924292271612103,0.25844218353092147
0.44919164268050715,1.8505951991116696,1.786516716917335,0.2313820824974769
0.8513057264710804,1.8505951991116696,1.8116346625854063,0.17981232761473864
0.04947585362427154,1.8505951991116696,1.7823855963958897,0.27021918171886605
0.44919164268050715,1.8505951991116696,1.800930159592094,0.22042013888349335
0.04947585362427154,1.8505951991116696,1.7651594978566356,0.3135545537900005
0.8513057264710804,1.8505951991116696,1.832344250820464,0.11556864680568608
0.44919164268050715,1.8505951991116696,1.760612658443282,0.2941391865697417
0.44919164268050715,1.8505951991116696,1.792013546882292,0.2334618151508038
0.04947585362427154,1.8505951991116696,1.775320655392973,0.3079584204276357
0.04947585362427154,1.8505951991116696,1.7605131809040337,0.34475926547456265
0.04947585362427154,1.8505951991116696,1.7988413600292552,0.25996514947183924
0.04947585362427154,1.8505951991116696,1.7736931866848102,0.32204260879597923
0.6490495372086251,1.8505951991116696,1.813538656403614,0.18488647299129635
0.8489074317367429,1.8505951991116696,1.7649424964978315,0.25741281675576533
0.8489074317367429,1.8505951991116696,1.8157137424663135,0.1629598589559227
0.8489074317367429,1.8505951991116696,1.825311930927797,0.14506707713340677
0.8489074317367429,1.8505951991116696,1.8012927872394544,0.19461531212474273
0.44919164268050715,1.8505951991116696,1.799468755744582,0.22538143150002
0.6490495372086251,1.8505951991116696,1.8220579077695842,0.14972808159830073
0.44919164268050715,1.8505951991116696,1.78221045368388,0.2523868216661484
0.8513057264710804,1.8505951991116696,1.8091971268376545,0.1600794418590185
0.2493337481523893,1.8505951991116696,1.8168158453291605,0.19326768438009476
0.04947585362427154,1.8505951991116696,1.79683736980591,0.2584233441526284
0.8489074317367429,1.8505951991116696,1.8108291308801712,0.178618749232988
0.2493337481523893,1.8505951991116696,1.7938229457984056,0.22604696206754776
0.2493337481523893,1.8505951991116696,1.7903069188003735,0.24252716372870733
0.2493337481523893,1.8505951991116696,1.769852971556184,0.27306874348357363
0.04947585362427154,1.8505951991116696,1.773231584466636,0.29880376222323074
0.2493337481523893,1.8505951991116696,1.7524778528448346,0.33168835062550633
1.2795743392791672,1.8505951991116696,1.8349885239929242,0.07919688451563742
0.2493337481523893,1.8505951991116696,1.805440354939564,0.23196679244340912
0.8513057264710804,1.8505951991116696,1.81800213594569,0.16486650290593388
0.2493337481523893,1.8505951991116696,1.819248690833808,0.19121159884671216
0.6490495372086251,1.8505951991116696,1.7646473754788454,0.28083476467697893
0.04947585362427154,1.8505951991116696,1.787975629685294,0.2648235103686381
0.8513057264710804,1.8505951991116696,1.8385403095521244,0.1011115785233225
0.6490495372086251,1.8505951991116696,1.7889538833169,0.22733134737395697
0.8513057264710804,1.8505951991116696,1.8139440266642484,0.15116716552647882
0.8513057264710804,1.8505951991116696,1.8170393433783396,0.15397877379831362
0.2493337481523893,1.8505951991116696,1.7950868575706302,0.23139893992464378
0.04947585362427154,1.8505951991116696,1.7790281842012687,0.26974881793432487
0.2493337481523893,1.8505951991116696,1.7739005595466784,0.2837150401557538
0.8489074317367429,1.8505951991116696,1.7997768177748699,0.2188560410734781
0.6490495372086251,1.8505951991116696,1.8169299062428468,0.18408806074605566
0.44919164268050715,1.8505951991116696,1.7907718933264942,0.23172809149094076
0.04947585362427154,1.8505951991116696,1.7708294049377218,0.28188094231765864
0.04947585362427154,1.8505951991116696,1.7301063346796202,0.3689623768950207
0.04947585362427154,1.8505951991116696,1.7741525924777692,0.30086322340372873
0.2493337481523893,1.8505951991116696,1.7588151040330329,0.2876670660742092
0.2493337481523893,1.8505951991116696,1.7775814383915645,0.28081130212947153
0.8513057264710804,1.8505951991116696,1.7825804960059008,0.23226235171458906
0.04947585362427154,1.8505951991116696,1.7958834296631805,0.24007458725241304
0.8489074317367429,1.8505951991116696,1.8028150628250859,0.19138886612613457
0.8513057264710804,1.8505951991116696,1.7995023622383866,0.20637552738837148
0.44919164268050715,1.8505951991116696,1.7801061318896387,0.25611036945851023
0.04947585362427154,1.8505951991116696,1.7716675625631724,0.29710643099484924
0.04947585362427154,1.8505951991116696,1.7983599891074298,0.23590560334960778
0.2493337481523893,1.8505951991116696,1.794964575387135,0.2381999264010385
0.04947585362427154,1.8505951991116696,1.8042264158103583,0.22687599499457173
0.8513057264710804,1.8505951991116696,1.8113138210572535,0.1635633320372976
0.04947585362427154,1.8505951991116696,1.7617489767950048,0.34220886849668136
0.6490495372086251,1.8505951991116696,1.808004836054245,0.19159157297297963
0.8513057264710804,1.8505951991116696,1.812324622196855,0.1656744294470093
0.44919164268050715,1.8505951991116696,1.8145877914144826,0.18235832518670625
0.04947585362427154,1.8505951991116696,1.7957375814499195,0.2323921356704448
0.44919164268050715,1.8505951991116696,1.7729638692749539,0.28054945700447426
0.04947585362427154,1.8505951991116696,1.7749454855333335,0.3112314320520344
0.8513057264710804,1.8505951991116696,1.7941958470586616,0.2172126354583428
0.8489074317367429,1.8505951991116696,1.7858624008178712,0.21597722513994677
0.2493337481523893,1.8505951991116696,1.783981632527521,0.27329131057115275
0.6490495372086251,1.8505951991116696,1.817414183684785,0.15703140121499234
0.2493337481523893,1.8505951991116696,1.7926697592156395,0.23461272577458628
0.04947585362427154,1.8505951991116696,1.7446528695346482,0.3241933697437281
0.2493337481523893,1.8505951991116696,1.7964126930822073,0.229295761674922
0.2493337481523893,1.8505951991116696,1.8039478613904418,0.22106571292028146
0.6490495372086251,1.8505951991116696,1.7908692658807168,0.22801319314189006
1.0511636209991981,1.8505951991116696,1.8204457518962485,0.1299627262450444
0.8513057264710804,1.8505951991116696,1.807198738432451,0.1841968562987456
0.04947585362427154,1.8505951991116696,1.8095177087371024,0.2072411049642169
0.8513057264710804,1.8505951991116696,1.7918811775446768,0.21445218430099958
0.04947585362427154,1.8505951991116696,1.7823102170792444,0.2930763373406433
0.44919164268050715,1.8505951991116696,1.7885059686553104,0.25633843300995623
0.2493337481523893,1.8505951991116696,1.7726997725409632,0.3037859686884597
0.8513057264710804,1.8505951991116696,1.801830469172482,0.1987736965817195
0.8489074317367429,1.8505951991116696,1.8015867252705178,0.18341828629156823
0.04947585362427154,1.8505951991116696,1.8199882151264686,0.18909646854441778
0.04947585362427154,1.8505951991116696,1.7598564889496253,0.3304713580705514
0.04947585362427154,1.8505951991116696,1.7501414191111981,0.34410363098714214
0.8513057264710804,1.8505951991116696,1.8180887441142268,0.14636267911713877
0.04947585362427154,1.8505951991116696,1.8037778101029978,0.24264411826173612
0.2493337481523893,1.8505951991116696,1.796623726270402,0.25353718969543126
0.8513057264710804,1.8505951991116696,1.7840221420806617,0.23015962429272546
0.04947585362427154,1.8505951991116696,1.7786408922212373,0.28466866656172374
0.44919164268050715,1.8505951991116696,1.825898926035458,0.16116786714126335
0.8489074317367429,1.8505951991116696,1.8207981602980399,0.13592390899872678
0.04947585362427154,1.8505951991116696,1.7739277532742832,0.2969460888399411
0.8513057264710804,1.8505951991116696,1.8032887648098477,0.18897683051034062
0.2493337481523893,1.8505951991116696,1.7282253897252091,0.37295401250066507
0.2493337481523893,1.8505951991116696,1.7960182837805112,0.22097350235101024
1.0301973743551518,1.8505951991116696,1.8134625478365394,0.1436103931130749
0.8489074317367429,1.8505951991116696,1.8048311675739206,0.17079589159053435
0.2493337481523893,1.8505951991116696,1.795651975442133,0.2510753395220386
0.04947585362427154,1.8505951991116696,1.7787378336539401,0.2790190405026586
0.44919164268050715,1.8505951991116696,1.8162064350907625,0.15984498239909195
0.04947585362427154,1.8505951991116696,1.8149675753729946,0.19970376252584096
0.2493337481523893,1.8505951991116696,1.8161523285288594,0.20324601496534558
0.04947585362427154,1.8505951991116696,1.781437939797459,0.2643137772451076
0.2493337481523893,1.8505951991116696,1.7839766936915888,0.26890282739114657
0.2493337481523893,1.8505951991116696,1.8085686026976449,0.23307568594063255
0.44919164268050715,1.8505951991116696,1.7870935263947667,0.2456761067712433
0.44919164268050715,1.8505951991116696,1.8014376428774248,0.1885421884004599
0.8513057264710804,1.8505951991116696,1.8272846250594115,0.14119402757573382
0.8489074317367429,1.8505951991116696,1.803310935734147,0.19751974973847694
0.44919164268050715,1.8505951991116696,1.8061263476269607,0.22206475931239367
0.6490495372086251,1.8505951991116696,1.810581205969977,0.18599945324494346
0.8489074317367429,1.8505951991116696,1.7870637107289742,0.23086025013354758
0.2493337481523893,1.8505951991116696,1.8124912869121876,0.20969708328447192
0.8513057264710804,1.8505951991116696,1.8162515699540684,0.1607716786253984
0.8489074317367429,1.8505951991116696,1.81431763882909,0.17505896627882578
0.2493337481523893,1.8505951991116696,1.754730623915334,0.30880047867500554
0.6490495372086251,1.8505951991116696,1.7927248314033326,0.23180514505077188
0.2493337481523893,1.8505951991116696,1.8157290796543364,0.19702258637958314
0.8513057264710804,1.8505951991116696,1.8128528920098426,0.15175386511564426
1.490718793249391,1.8505951991116696,1.843070431202044,0.04958375951499499
0.44919164268050715,1.8505951991116696,1.7832788105817972,0.24736582547554842
0.2493337481523893,1.8505951991116696,1.769833192331772,0.28692587430080657
0.8513057264710804,1.8505951991116696,1.8096822428258124,0.16594408731157945
0.2493337481523893,1.8505951991116696,1.783389734508865,0.2560431761754798
0.44919164268050715,1.8505951991116696,1.7983808108585546,0.2266385615809449
0.8513057264710804,1.8505951991116696,1.8101977053007898,0.1796126200605285
0.2493337481523893,1.8505951991116696,1.7429105694706966,0.314612460923819
0.04947585362427154,1.8505951991116696,1.7996709662113934,0.2611147113556425
0.6490495372086251,1.8505951991116696,1.7633532241682597,0.2841608558050132
0.04947585362427154,1.8505951991116696,1.7625256935335543,0.297836049355309
0.8513057264710804,1.8505951991116696,1.8259403748293974,0.14236126507572314
0.8489074317367429,1.8505951991116696,1.8104164958092261,0.19701599750753349
0.2493337481523893,1.8505951991116696,1.7779564918921522,0.2777299351815387
0.04947585362427154,1.8505951991116696,1.7535647449024778,0.3387692238674581
0.44919164268050715,1.8505951991116696,1.8227159745375374,0.1746389488737952
0.6490495372086251,1.8505951991116696,1.7929871044881427,0.22196383109342221
0.44919164268050715,1.8505951991116696,1.8221882225722246,0.16236024056067833
0.44919164268050715,1.8505951991116696,1.8174509142002708,0.18878331665278075
0.04947585362427154,1.8505951991116696,1.782505890658702,0.29726377630377115
0.04947585362427154,1.8505951991116696,1.7904728842809294,0.2423902740174777
0.2493337481523893,1.8505951991116696,1.8011269515286088,0.2342594816419661
0.44919164268050715,1.8505951991116696,1.7960903656411218,0.22422042294339894
0.04947585362427154,1.8505951991116696,1.8068126143514716,0.236639758030036
0.8513057264710804,1.8505951991116696,1.796688548651586,0.22093905528227614
0.8489074317367429,1.8505951991116696,1.7841289934669273,0.2338717039613977
0.44919164268050715,1.8505951991116696,1.8058857172373988,0.19477328804152824
0.04947585362427154,1.8505951991116696,1.7507332697815756,0.3259361589879093
0.8513057264710804,1.8505951991116696,1.8100404311403748,0.18347323003960997
0.04947585362427154,1.8505951991116696,1.7929254193399218,0.26504369676995043
0.04947585362427154,1.8505951991116696,1.7625783598298883,0.32956846976547927
0.2493337481523893,1.8505951991116696,1.7722086289737586,0.27992668262728315
0.04947585362427154,1.8505951991116696,1.7876471546161452,0.27271812211616575
0.2493337481523893,1.8505951991116696,1.767105866905038,0.2775421820054054
0.8513057264710804,1.8505951991116696,1.8253122407436422,0.13323831863842175
0.8513057264710804,1.8505951991116696,1.801189516482759,0.20167385021414105
0.8489074317367429,1.8505951991116696,1.8039590565934036,0.19729894942344292
0.8513057264710804,1.8505951991116696,1.816455911402049,0.16318734614461827
1.0511636209991981,1.8505951991116696,1.8342992421946451,0.09152497667613183
0.8489074317367429,1.8505951991116696,1.8148533218524756,0.15322920611102062
0.6490495372086251,1.8505951991116696,1.795966179992268,0.20785414370358268
0.44919164268050715,1.8505951991116696,1.7978293518056987,0.21134726868740605
0.6490495372086251,1.8505951991116696,1.778008603193847,0.2580977975657082
0.8513057264710804,1.8505951991116696,1.811240308606201,0.16568008712279014
0.44919164268050715,1.8505951991116696,1.8187919119956744,0.18018164368987521
0.44919164268050715,1.8505951991116696,1.8092794171215874,0.20170233860336428
0.04947585362427154,1.8505951991116696,1.7902177504522812,0.26648416832787314
0.2493337481523893,1.8505951991116696,1.7889337263678902,0.24615821984879951
0.8513057264710804,1.8505951991116696,1.8023999968448436,0.20476272875859514
0.04947585362427154,1.8505951991116696,1.7553261449687048,0.29847969466060387
0.2493337481523893,1.8505951991116696,1.7872918007012375,0.24879308455527724
0.2493337481523893,1.8505951991116696,1.787589820487881,0.23914854344197722
0.44919164268050715,1.8505951991116696,1.7909643157644308,0.22950256096430763
0.04947585362427154,1.8505951991116696,1.7429920561903698,0.3415421912474148
0.04947585362427154,1.8505951991116696,1.7959307834256708,0.27307204481365976
0.04947585362427154,1.8505951991116696,1.7882859470548889,0.27494510195301897
0.2493337481523893,1.8505951991116696,1.8158947175542468,0.19191055875151913
0.8513057264710804,1.8505951991116696,1.7888359184919453,0.22846820733117218
0.04947585362427154,1.8505951991116696,1.7706709409464696,0.31657192223293534
0.04947585362427154,1.8505951991116696,1.7704190989637212,0.2963850207751843
0.04947585362427154,1.8505951991116696,1.8038707576190978,0.23331530117056629
0.2493337481523893,1.8505951991116696,1.791780502778326,0.2311218104610375
0.8513057264710804,1.8505951991116696,1.826148050152891,0.13338542023902203
0.8513057264710804,1.8505951991116696,1.820441905981896,0.15453519073259162
0.8513057264710804,1.8505951991116696,1.808767439169226,0.1656614339462871
1.251021515527316,1.8505951991116696,1.8346886283348802,0.08124347582018429
0.8489074317367429,1.8505951991116696,1.7814668949191539,0.24416687172645898
0.8489074317367429,1.8505951991116696,1.7864722330122222,0.2166553217622797
0.8513057264710804,1.8505951991116696,1.8185056035677603,0.1506813034156112
0.04947585362427154,1.8505951991116696,1.7849180998258358,0.25320241067355514
0.2493337481523893,1.8505951991116696,1.7504877099484886,0.3129999891116336
0.8513057264710804,1.8505951991116696,1.8037083160471297,0.19988465578092396
0.04947585362427154,1.8505951991116696,1.7736496599564986,0.2995379849277798
0.8513057264710804,1.8505951991116696,1.8194955629499765,0.13482698091786252
0.04947585362427154,1.8505951991116696,1.7669005580869135,0.3071738059144767
0.6490495372086251,1.8505951991116696,1.7752296170434945,0.24515741789087228
0.8513057264710804,1.8505951991116696,1.8239944569084552,0.1523000967324785
0.44919164268050715,1.8505951991116696,1.7913079063502095,0.2267601671949049
0.44919164268050715,1.8505951991116696,1.8204679611544972,0.17021154717984477
0.04947585362427154,1.8505951991116696,1.7656268166649998,0.28562050393451943
0.2493337481523893,1.8505951991116696,1.7832772053225456,0.2484561776376004
0.8513057264710804,1.8505951991116696,1.819641521927156,0.17122903955874968
0.6490495372086251,1.8505951991116696,1.7851946538341468,0.2368809116921101
0.04947585362427154,1.8505951991116696,1.7778136639461306,0.2978184478051203
0.04947585362427154,1.8505951991116696,1.7676007054874046,0.30199810750885764
0.04947585362427154,1.8505951991116696,1.773697035611775,0.28672681771734404
0.44919164268050715,1.8505951991116696,1.8263494641796427,0.1712653489717313
0.04947585362427154,1.8505951991116696,1.7174831770189445,0.3840487171610898
0.04947585362427154,1.8505951991116696,1.791877501762465,0.24473665660119737
0.2493337481523893,1.8505951991116696,1.8009580229396311,0.2344757510239518
0.04947585362427154,1.8505951991116696,1.7843976443118026,0.26305296771992165
0.6490495372086251,1.8505951991116696,1.8009783794279335,0.20430501282853564
0.6490495372086251,1.8505951991116696,1.802045629268461,0.2076231784357871
0.44919164268050715,1.8505951991116696,1.7971331608506247,0.2161524294361796
0.6490495372086251,1.8505951991116696,1.8053176495926744,0.19195979619075684
0.2493337481523893,1.8505951991116696,1.7941689422196097,0.2255295664439145
0.8513057264710804,1.8505951991116696,1.8371278497705006,0.1022675249836874
0.8513057264710804,1.8505951991116696,1.8153413794181545,0.15852885183148174
0.04947585362427154,1.8505951991116696,1.7753610060658125,0.2723631336804373
0.2493337481523893,1.8505951991116696,1.7799844903669675,0.27410125697490606
0.8513057264710804,1.8505951991116696,1.8059883406141222,0.188942685903995
0.2493337481523893,1.8505951991116696,1.777400080932712,0.2620989447863942
0.2493337481523893,1.8505951991116696,1.7761590453432599,0.2520322853115313
0.8513057264710804,1.8505951991116696,1.806999510914616,0.1728150693453958
0.04947585362427154,1.8505951991116696,1.7742656282723517,0.3080327067107584
1.251021515527316,1.8505951991116696,1.842385673676938,0.06301526728574887
0.44919164268050715,1.8505951991116696,1.7629379885478158,0.2779397288469933
0.8513057264710804,1.8505951991116696,1.8343317099296612,0.10695682492932539
0.6490495372086251,1.8505951991116696,1.7735538546285037,0.24870431904608772
0.44919164268050715,1.8505951991116696,1.7769679537836234,0.27353179820657053
0.04947585362427154,1.8505951991116696,1.752954502616456,0.3379777135075585
0.8489074317367429,1.8505951991116696,1.8140055329576505,0.16073591393631198
0.04947585362427154,1.8505951991116696,1.775814439936837,0.2784700243069158
0.04947585362427154,1.8505951991116696,1.783845783004852,0.3077467209225808
0.04947585362427154,1.8505951991116696,1.7904074761869806,0.2761625657616377
0.8489074317367429,1.8505951991116696,1.800231483042269,0.1792681638012115
0.04947585362427154,1.8505951991116696,1.8058616103699552,0.23987236318428626
0.2493337481523893,1.8505951991116696,1.7761681272780638,0.2906639914845753
0.2493337481523893,1.8505951991116696,1.784979350085651,0.2773164411922106
0.04947585362427154,1.8505951991116696,1.7873128655455537,0.2761607231944659
0.04947585362427154,1.8505951991116696,1.7988559287829429,0.24322004147257373
0.2493337481523893,1.8505951991116696,1.7844877082769235,0.274252660587413
0.2493337481523893,1.8505951991116696,1.7983837620416627,0.23481704250444532
0.2493337481523893,1.8505951991116696,1.7606187381454494,0.3143807811409989
0.6490495372086251,1.8505951991116696,1.8105344474427916,0.18270228978704747
0.04947585362427154,1.8505951991116696,1.7191996429065268,0.38493689469116393
0.44919164268050715,1.8505951991116696,1.8067616924876484,0.20514677014993862
0.6490495372086251,1.8505951991116696,1.7777021704339222,0.2334529327986128
0.2493337481523893,1.8505951991116696,1.8109552978684242,0.2040124753438696
0.8513057264710804,1.8505951991116696,1.8309129909816857,0.11311441753891716
0.04947585362427154,1.8505951991116696,1.7728541011141525,0.3179148084482279
0.44919164268050715,1.8505951991116696,1.7990632324060938,0.21739085976467346
0.6490495372086251,1.8505951991116696,1.81551031386486,0.15619339271224378
0.6490495372086251,1.8505951991116696,1.8276491827874728,0.1262500477848641
0.8489074317367429,1.8505951991116696,1.7901934365479384,0.21385979512508013
0.8513057264710804,1.8505951991116696,1.8199127432291664,0.14546251658016116
0.8513057264710804,1.8505951991116696,1.7816578387709916,0.23959026717540555
0.6490495372086251,1.8505951991116696,1.7989486604255358,0.2020190544910552
0.04947585362427154,1.8505951991116696,1.766053609648132,0.3105647298041532
0.8513057264710804,1.8505951991116696,1.7812715807364408,0.23038402625543528
0.44919164268050715,1.8505951991116696,1.7927081399151097,0.22766251377767535
0.8489074317367429,1.8505951991116696,1.809335536936847,0.18206413162886217
0.6490495372086251,1.8505951991116696,1.8064952435421457,0.19418805189570262
0.04947585362427154,1.8505951991116696,1.7864035424560065,0.26574754651475624
0.04947585362427154,1.8505951991116696,1.806025677547226,0.23373682558258996
0.8489074317367429,1.8505951991116696,1.791271204105086,0.1988236821198006
0.6490495372086251,1.8505951991116696,1.8129717014460756,0.17251333321478496
0.2493337481523893,1.8505951991116696,1.8141938024483435,0.18597601691068014
0.04947585362427154,1.8505951991116696,1.7945282656022021,0.2521136659616341
0.2493337481523893,1.8505951991116696,1.782864917462274,0.2596337713625649
0.2493337481523893,1.8505951991116696,1.7905361386168779,0.23235092420159842
0.04947585362427154,1.8505951991116696,1.7793225019034287,0.2676565625771651
0.04947585362427154,1.8505951991116696,1.8054555219745796,0.22805544893047425
0.04947585362427154,1.8505951991116696,1.7944320981908168,0.27270399580871113
0.2493337481523893,1.8505951991116696,1.7865630673603392,0.2607893384187836
0.04947585362427154,1.8505951991116696,1.796211029247393,0.2567384193534065
0.6490495372086251,1.8505951991116696,1.786195277830564,0.2341590625087025
0.6490495372086251,1.8505951991116696,1.824496461989101,0.15998733693674763
0.8489074317367429,1.8505951991116696,1.8054555049294958,0.176865853697557
0.2493337481523893,1.8505951991116696,1.7819379203858432,0.271889219084743
0.2493337481523893,1.8505951991116696,1.8037505922930377,0.22994223291654198
1.0301973743551518,1.8505951991116696,1.83237839677376,0.10820536242968003
0.04947585362427154,1.8505951991116696,1.757416526229935,0.3319338301536327
0.04947585362427154,1.8505951991116696,1.7929413735725563,0.2536301323457025
0.04947585362427154,1.8505951991116696,1.7870253012590407,0.2849039587688563
0.8513057264710804,1.8505951991116696,1.8249201071722576,0.13161281466663738
0.8513057264710804,1.8505951991116696,1.8205060919673826,0.1565407945459767
0.8489074317367429,1.8505951991116696,1.818649837528323,0.16501749345074965
0.8513057264710804,1.8505951991116696,1.8191380766377805,0.13604158608124242
0.2493337481523893,1.8505951991116696,1.7750389343674218,0.2793720660388189
0.44919164268050715,1.8505951991116696,1.8203240251226396,0.16739968950971754
0.44919164268050715,1.8505951991116696,1.823187245962572,0.17248434224317077
1.2795743392791672,1.8505951991116696,1.837004533627325,0.07140486826811558
0.04947585362427154,1.8505951991116696,1.7721879441204402,0.2822906000143142
0.2493337481523893,1.8505951991116696,1.8059728116607952,0.20854794951084393
0.04947585362427154,1.8505951991116696,1.7742821598002652,0.3032728271826753
0.8513057264710804,1.8505951991116696,1.8334746105172621,0.11601990755001051
0.2493337481523893,1.8505951991116696,1.8098748249945382,0.22999741492430026
0.04947585362427154,1.8505951991116696,1.7565241908370508,0.3109908161622712
0.2493337481523893,1.8505951991116696,1.788715011782899,0.2676065162789724
0.04947585362427154,1.8505951991116696,1.761400611884221,0.3105017204491678
0.6490495372086251,1.8505951991116696,1.8069272907675609,0.1990256952060267
0.04947585362427154,1.8505951991116696,1.7645178155708008,0.29127689440674737
0.6490495372086251,1.8505951991116696,1.7900284334168846,0.22724926458483913
0.04947585362427154,1.8505951991116696,1.7787256286666153,0.26459961901985063
0.8513057264710804,1.8505951991116696,1.810191238049474,0.16441622003386072
0.8489074317367429,1.8505951991116696,1.7880368091213845,0.22149923668447682
0.8513057264710804,1.8505951991116696,1.799678126729995,0.20370482304662232
0.6490495372086251,1.8505951991116696,1.7888616081872657,0.23545828733872118
0.2493337481523893,1.8505951991116696,1.7345661835035167,0.33534021971935923
0.44919164268050715,1.8505951991116696,1.8172865011254122,0.17208291884417906
0.44919164268050715,1.8505951991116696,1.7864431059681962,0.24359448557159755
0.6490495372086251,1.8505951991116696,1.805224817369745,0.2008890394131666
0.44919164268050715,1.8505951991116696,1.806620492740732,0.21301661716710435
0.2493337481523893,1.8505951991116696,1.8006194390960233,0.2190458247285958
0.8513057264710804,1.8505951991116696,1.8219293114422042,0.15292975471619802
0.8513057264710804,1.8505951991116696,1.802181293352919,0.20494555601593398
0.8489074317367429,1.8505951991116696,1.7794434860988313,0.24538814651208316
0.44919164268050715,1.8505951991116696,1.7986696584246409,0.22136847479482988
0.2493337481523893,1.8505951991116696,1.7752141451897023,0.26529284567823874
1.6507373045835516,1.8505951991116696,1.8451572075119025,0.026422799727479178
0.04947585362427154,1.8505951991116696,1.7706849613942348,0.3117863528400779
0.44919164268050715,1.8505951991116696,1.8106390726763428,0.19231451928293344
0.44919164268050715,1.8505951991116696,1.7877335843920426,0.2299699194112414
0.44919164268050715,1.8505951991116696,1.8171595447477396,0.18891835008660013
0.2493337481523893,1.8505951991116696,1.7492587103525223,0.2977450142343026
0.8489074317367429,1.8505951991116696,1.7870073523537595,0.22457255339618543
0.04947585362427154,1.8505951991116696,1.7908448167578614,0.2764335094045852
0.04947585362427154,1.8505951991116696,1.7534573104684659,0.32579824252179873
0.8513057264710804,1.8505951991116696,1.8174413020603373,0.15632647789810325
0.6490495372086251,1.8505951991116696,1.799704130516676,0.1982710836971782
0.2493337481523893,1.8505951991116696,1.7985242679340914,0.2585390574375383
0.6490495372086251,1.8505951991116696,1.7652416909237159,0.2782962492649934
0.2493337481523893,1.8505951991116696,1.7895203630264223,0.25568400523475854
0.2493337481523893,1.8505951991116696,1.8055482949589758,0.21699294812178221
0.6490495372086251,1.8505951991116696,1.779322497278253,0.25838879373820084
0.2493337481523893,1.8505951991116696,1.8067910892560304,0.23471290988681207
0.04947585362427154,1.8505951991116696,1.7082158623257557,0.39723465537026903
0.8513057264710804,1.8505951991116696,1.8113185871873072,0.18129887063026195
0.6490495372086251,1.8505951991116696,1.8064835168846356,0.2011370363696818
0.8489074317367429,1.8505951991116696,1.7905344272410035,0.22106311660957165
0.2493337481523893,1.8505951991116696,1.802524188783766,0.24753126010774776
0.04947585362427154,1.8505951991116696,1.7890679549095254,0.28042197887070264
0.04947585362427154,1.8505951991116696,1.8042267806388392,0.21897613355597054
0.8513057264710804,1.8505951991116696,1.807014402862699,0.17954530076077324
0.6490495372086251,1.8505951991116696,1.7912712297461164,0.22088576107153896
0.44919164268050715,1.8505951991116696,1.819893933286891,0.17838492669133094
0.8513057264710804,1.8505951991116696,1.829325007386416,0.12167962819816044
0.04947585362427154,1.8505951991116696,1.7602634240382622,0.30149632097998874
0.8513057264710804,1.8505951991116696,1.8100977246280618,0.17251851685557207
0.04947585362427154,1.8505951991116696,1.7932188365251807,0.25023239928369967
0.8513057264710804,1.8505951991116696,1.8221975446218233,0.14322382770624334
0.6490495372086251,1.8505951991116696,1.8132100756531484,0.1612213434585588
0.2493337481523893,1.8505951991116696,1.8164614819312652,0.20325773686598037
0.04947585362427154,1.8505951991116696,1.8111379590679082,0.22014171072969815
0.04947585362427154,1.8505951991116696,1.7621748412405263,0.28987950817632374
0.2493337481523893,1.8505951991116696,1.7735825380982617,0.26235302287809376
0.2493337481523893,1.8505951991116696,1.8050346635434833,0.20764751023021313
0.04947585362427154,1.8505951991116696,1.77840712496402,0.2766900386147171
0.8513057264710804,1.8505951991116696,1.8364071215024078,0.10535153909595893
0.04947585362427154,1.8505951991116696,1.791656186475798,0.25397382146276815
0.2493337481523893,1.8505951991116696,1.7730164649582445,0.27367008884448635
0.44919164268050715,1.8505951991116696,1.7662410080127429,0.285817345575348
0.44919164268050715,1.8505951991116696,1.806059906312814,0.19974389603145118
0.8489074317367429,1.8505951991116696,1.8022518133801233,0.18637690167553256
0.44919164268050715,1.8505951991116696,1.7931842477899473,0.22346275467380325
0.04947585362427154,1.8505951991116696,1.812293636449403,0.20575295283466397
0.04947585362427154,1.8505951991116696,1.7975304265581937,0.24448946301993466
0.6490495372086251,1.8505951991116696,1.7807881858310486,0.2372267522324583
0.2493337481523893,1.8505951991116696,1.7606881266291197,0.2964991426144551
0.8513057264710804,1.8505951991116696,1.8066162581716154,0.17553872332376053
0.04947585362427154,1.8505951991116696,1.7847681510290039,0.2775143248361718
0.8513057264710804,1.8505951991116696,1.8071349266336876,0.18782696898443524
0.04947585362427154,1.8505951991116696,1.750026235218233,0.3303785103609691
0.6490495372086251,1.8505951991116696,1.828283296800274,0.1364072552398252
0.04947585362427154,1.8505951991116696,1.7516245703119993,0.30923356674517866
0.04947585362427154,1.8505951991116696,1.7865870513483784,0.2461020504432314
0.8513057264710804,1.8505951991116696,1.813925597150424,0.14644291121338646
0.6490495372086251,1.8505951991116696,1.80840525839045,0.19443538485135353
0.8513057264710804,1.8505951991116696,1.818762010584298,0.15732235977453596
0.8513057264710804,1.8505951991116696,1.828008387643918,0.14123512021487508
0.04947585362427154,1.8505951991116696,1.7710559443325695,0.286101500437674
0.04947585362427154,1.8505951991116696,1.79789170761533,0.24492973958728465
0.2493337481523893,1.8505951991116696,1.7870842216691043,0.25007175882051313
0.04947585362427154,1.8505951991116696,1.7858401644370199,0.29559166339218634
0.2493337481523893,1.8505951991116696,1.7692635875292835,0.2721654342784948
0.04947585362427154,1.8505951991116696,1.8099090322498137,0.21963063636935407
0.8489074317367429,1.8505951991116696,1.795546515522413,0.2029985765792963
0.2493337481523893,1.8505951991116696,1.7691675935419433,0.26753941728262987
0.44919164268050715,1.8505951991116696,1.7805976555737004,0.26874076262775326
0.8489074317367429,1.8505951991116696,1.8102958288538358,0.1567215240567484
0.6490495372086251,1.8505951991116696,1.770793135658845,0.2528604443927143
0.04947585362427154,1.8505951991116696,1.78807668153908,0.2591728824640153
0.2493337481523893,1.8505951991116696,1.7545541077928304,0.30753386420186024
1.0301973743551518,1.8505951991116696,1.82626598040001,0.12902395213793866
0.04947585362427154,1.8505951991116696,1.7931016561722584,0.24399091693097388
0.04947585362427154,1.8505951991116696,1.791222645355126,0.2576255650782487
0.2493337481523893,1.8505951991116696,1.7997684804414282,0.2501328710903617
0.2493337481523893,1.8505951991116696,1.7870904226325655,0.25074010199207675
0.8513057264710804,1.8505951991116696,1.8106745868229848,0.14686089398060662
0.2493337481523893,1.8505951991116696,1.789743632962689,0.24602006442083094
0.8489074317367429,1.8505951991116696,1.7960759380951885,0.21273573096033138
0.8489074317367429,1.8505951991116696,1.8148085480433207,0.17580183545257858
0.6490495372086251,1.8505951991116696,1.8123378389324534,0.19027416685823123
0.44919164268050715,1.8505951991116696,1.8094426031124524,0.21015566520079937
0.8489074317367429,1.8505951991116696,1.7988933144094288,0.1904251505710554
0.04947585362427154,1.8505951991116696,1.8047174520992895,0.23601686576446557
0.04947585362427154,1.8505951991116696,1.7744188655959638,0.27051498079862524
0.04947585362427154,1.8505951991116696,1.7725476931153443,0.30883933587757745
0.2493337481523893,1.8505951991116696,1.8000379459994846,0.24501564145485696
0.44919164268050715,1.8505951991116696,1.7929129647359465,0.2261731387882893
0.04947585362427154,1.8505951991116696,1.8034436625168022,0.23015156899158498
0.04947585362427154,1.8505951991116696,1.7784190439968912,0.30214484186284035
0.44919164268050715,1.8505951991116696,1.793519977706408,0.21740279817178082
1.2795743392791672,1.8505951991116696,1.826611170410939,0.09657520407733258
0.8513057264710804,1.8505951991116696,1.8118920844025264,0.16595731175427333
0.8489074317367429,1.8505951991116696,1.794872032447614,0.21011232491026688
0.8489074317367429,1.8505951991116696,1.7936092645661186,0.20918257070261256
0.04947585362427154,1.8505951991116696,1.7561130791077761,0.3042557631033374
0.8513057264710804,1.8505951991116696,1.7972729119757382,0.20083906318935477
0.8513057264710804,1.8505951991116696,1.7899955951225115,0.22373149353090138
0.8513057264710804,1.8505951991116696,1.805928933890826,0.1813564446330386
0.04947585362427154,1.8505951991116696,1.776295546884416,0.2786769740196975
0.44919164268050715,1.8505951991116696,1.7621541832437404,0.2844588264334731
0.44919164268050715,1.8505951991116696,1.7918962491760373,0.23655948705489477
0.04947585362427154,1.8505951991116696,1.8142808954956526,0.21345428473232775
0.8513057264710804,1.8505951991116696,1.7790614524221717,0.2509935601742252
0.04947585362427154,1.8505951991116696,1.7941905716329336,0.26633779017013787
0.8513057264710804,1.8505951991116696,1.8168699305803557,0.14799043575823193
0.04947585362427154,1.8505951991116696,1.7624366295701868,0.3027493546213575
0.2493337481523893,1.8505951991116696,1.757063903216436,0.28846551196806675
0.04947585362427154,1.8505951991116696,1.7623363373167613,0.31832950312555675
0.2493337481523893,1.8505951991116696,1.7791639567378246,0.25884791881445834
0.44919164268050715,1.8505951991116696,1.8212131824818685,0.17512717391544122
0.8489074317367429,1.8505951991116696,1.796221419063991,0.19480825992757542
0.04947585362427154,1.8505951991116696,1.7749385232250614,0.28059920718625264
0.6490495372086251,1.8505951991116696,1.8164928147405284,0.17520415588696817
0.04947585362427154,1.8505951991116696,1.7970537372884987,0.24361798086318096
0.04947585362427154,1.8505951991116696,1.7643406901693657,0.2983294059045645
0.44919164268050715,1.8505951991116696,1.8023825832411924,0.20262435698639425
0.04947585362427154,1.8505951991116696,1.7980436302277125,0.2645890145379376
0.04947585362427154,1.8505951991116696,1.7863033920837617,0.25635503824470673
0.2493337481523893,1.8505951991116696,1.812323933911602,0.21181548800713954
0.04947585362427154,1.8505951991116696,1.812492366787267,0.21164015944961645
0.44919164268050715,1.8505951991116696,1.8061410905042634,0.212653122344242
0.44919164268050715,1.8505951991116696,1.776448503658612,0.26383463881457614
0.04947585362427154,1.8505951991116696,1.7640398100255985,0.308639700658216
0.44919164268050715,1.8505951991116696,1.774573955285072,0.2706317545009012
0.2493337481523893,1.8505951991116696,1.8075229837741074,0.21609441662923734
0.2493337481523893,1.8505951991116696,1.789107727781932,0.23781917573229658
0.8513057264710804,1.8505951991116696,1.822615689941737,0.14154565915497544
0.44919164268050715,1.8505951991116696,1.8047271440519446,0.227210089869249
0.04947585362427154,1.8505951991116696,1.776817845235859,0.3275650600155071
0.8513057264710804,1.8505951991116696,1.7845592087288145,0.2249922032600101
0.44919164268050715,1.8505951991116696,1.8162957972213587,0.20442161676394074
0.2493337481523893,1.8505951991116696,1.7900142206897098,0.25855293056305445
0.04947585362427154,1.8505951991116696,1.7894909086048683,0.25832688509038876
0.04947585362427154,1.8505951991116696,1.7971500380015752,0.25903490098924664
0.04947585362427154,1.8505951991116696,1.7408006311669084,0.36094263436325996
0.8513057264710804,1.8505951991116696,1.804002513748127,0.18824568671361255
0.2493337481523893,1.8505951991116696,1.786124469873333,0.25430983040963
1.0301973743551518,1.8505951991116696,1.8349599442829707,0.09321106470349454
0.04947585362427154,1.8505951991116696,1.7689447676350523,0.2897921195843028
0.8513057264710804,1.8505951991116696,1.8127441510417424,0.17551680691207527
0.2493337481523893,1.8505951991116696,1.771527677604461,0.2814590450752928
0.2493337481523893,1.8505951991116696,1.800085978439788,0.23497801351225298
0.04947585362427154,1.8505951991116696,1.8101950701050027,0.2196492990190467
0.8513057264710804,1.8505951991116696,1.7914340723335969,0.22355998340837177
0.04947585362427154,1.8505951991116696,1.7544146568442107,0.29024066508358026
0.6490495372086251,1.8505951991116696,1.8008538731111454,0.20915803476498213
1.2432547649330417,1.8505951991116696,1.8354866823763007,0.07590789464586885
0.8489074317367429,1.8505951991116696,1.820379723134633,0.1560273474441634
0.8489074317367429,1.8505951991116696,1.8038973547757622,0.20339593712546788
0.2493337481523893,1.8505951991116696,1.7731623790822006,0.28035763213476017
0.44919164268050715,1.8505951991116696,1.7789239079000652,0.25386787310083947
0.04947585362427154,1.8505951991116696,1.7980523277995233,0.24235118592722507
0.8513057264710804,1.8505951991116696,1.8225822914478933,0.1325195534640724
0.2493337481523893,1.8505951991116696,1.772576280260428,0.2997429047636749
0.04947585362427154,1.8505951991116696,1.806101010103789,0.22637109082530035
0.6490495372086251,1.8505951991116696,1.8044711176680135,0.1953767488281123
0.2493337481523893,1.8505951991116696,1.7668971889087908,0.3117254307634244
0.04947585362427154,1.8505951991116696,1.770230532894112,0.2852922676224555
0.44919164268050715,1.8505951991116696,1.806380431093826,0.22144441203640328
0.04947585362427154,1.8505951991116696,1.7851236745082522,0.2529253718453151
0.04947585362427154,1.8505951991116696,1.8003285345937348,0.23824402054166716
0.2493337481523893,1.8505951991116696,1.7785190422665207,0.2599658120954028
0.44919164268050715,1.8505951991116696,1.7827406165249244,0.23577323437698422
0.2493337481523893,1.8505951991116696,1.7986212833697297,0.2220450618178781
1.251021515527316,1.8505951991116696,1.8339566505606058,0.08882483086234938
0.2493337481523893,1.8505951991116696,1.7805789551507514,0.2590357581040353
0.04947585362427154,1.8505951991116696,1.778664843183843,0.2689592875086662
0.6490495372086251,1.8505951991116696,1.799759890326442,0.20306422364399848
0.04947585362427154,1.8505951991116696,1.7642185012401053,0.31567679129065407
0.2493337481523893,1.8505951991116696,1.7982067799254553,0.228433792851657
0.8513057264710804,1.8505951991116696,1.817508549648562,0.15561605486348978
0.04947585362427154,1.8505951991116696,1.7968104419446325,0.2404573471615765
0.2493337481523893,1.8505951991116696,1.811069099443596,0.20395172797897185
0.2493337481523893,1.8505951991116696,1.8171430413202077,0.1913290402466663
0.44919164268050715,1.8505951991116696,1.7976526979334864,0.22510470340086566
0.8489074317367429,1.8505951991116696,1.7968078231632096,0.20967039096725526
0.8513057264710804,1.8505951991116696,1.8170182855156027,0.15832441972103864
0.6490495372086251,1.8505951991116696,1.7964480716699571,0.20878278991685087
0.04947585362427154,1.8505951991116696,1.7459413237623824,0.34445737276683797
0.04947585362427154,1.8505951991116696,1.7759767557304866,0.28567044391590773
0.8489074317367429,1.8505951991116696,1.8012970090793217,0.19231049197493724
0.04947585362427154,1.8505951991116696,1.7875751320991484,0.28955375950267837
0.8489074317367429,1.8505951991116696,1.7861297732068078,0.2247174603868454
0.8513057264710804,1.8505951991116696,1.802500106245085,0.19213562677933518
0.44919164268050715,1.8505951991116696,1.8096748487266259,0.19541570854023302
0.8513057264710804,1.8505951991116696,1.8249806159253372,0.1452162261813973
0.6490495372086251,1.8505951991116696,1.8010588218541608,0.20881351429060752
0.2493337481523893,1.8505951991116696,1.7993308870676932,0.21608279017460824
0.2493337481523893,1.8505951991116696,1.8062800513124622,0.21135656502912156
0.8513057264710804,1.8505951991116696,1.8109575130703408,0.17263371990575366
0.44919164268050715,1.8505951991116696,1.7926265146999085,0.23852131327883822
0.04947585362427154,1.8505951991116696,1.7526481598301407,0.34116299367921515
0.8489074317367429,1.8505951991116696,1.7995390211218918,0.18562474884684288
0.2493337481523893,1.8505951991116696,1.7926626358360034,0.2394537267831917
0.04947585362427154,1.8505951991116696,1.7646277933385834,0.32364293126081467
0.8489074317367429,1.8505951991116696,1.8061100845233542,0.18464245853171174
0.8513057264710804,1.8505951991116696,1.8060804351283224,0.1979151905000009
1.251021515527316,1.8505951991116696,1.8326552008734212,0.09390421891413973
1.0301973743551518,1.8505951991116696,1.8226382620494612,0.1317630963235511
0.44919164268050715,1.8505951991116696,1.7945168072333362,0.23205715243115344
0.8489074317367429,1.8505951991116696,1.8201064718984727,0.1541807166793322
0.44919164268050715,1.8505951991116696,1.7648310093666,0.29155817211351387
0.8513057264710804,1.8505951991116696,1.7952382271444796,0.18288877008491292
0.04947585362427154,1.8505951991116696,1.7603532600712066,0.3430133265485023
0.6490495372086251,1.8505951991116696,1.8109327058468747,0.17780653889301637
0.04947585362427154,1.8505951991116696,1.777500553400249,0.2995083199511718
0.2493337481523893,1.8505951991116696,1.8084632482796408,0.21888816837939606
0.8513057264710804,1.8505951991116696,1.7978635558841716,0.19226589651235726
0.8513057264710804,1.8505951991116696,1.7879189085022469,0.22592271619792226
0.2493337481523893,1.8505951991116696,1.7855759696530022,0.24705914754425162
0.2493337481523893,1.8505951991116696,1.7544688853945956,0.3334740159381256
0.04947585362427154,1.8505951991116696,1.8008702450787035,0.22985369450284643
0.04947585362427154,1.8505951991116696,1.806050827949351,0.22707894180094215
0.8513057264710804,1.8505951991116696,1.796330634212906,0.2065747148381804
0.04947585362427154,1.8505951991116696,1.8125098659392325,0.21266012666424539
0.04947585362427154,1.8505951991116696,1.7710353888986032,0.32470413958126426
0.44919164268050715,1.8505951991116696,1.8060270281342576,0.21934354208519063
0.2493337481523893,1.8505951991116696,1.774630784602766,0.30246333622301014
0.2493337481523893,1.8505951991116696,1.7554783720414404,0.30982984705006883
0.04947585362427154,1.8505951991116696,1.7784383457610418,0.28448528184659716
0.04947585362427154,1.8505951991116696,1.7799468666591258,0.29358043157815933
0.04947585362427154,1.8505951991116696,1.7884996824384813,0.2711271299649949
0.2493337481523893,1.8505951991116696,1.8031923352094033,0.2200867467252763
0.44919164268050715,1.8505951991116696,1.78544016682293,0.23500693406922657
0.6490495372086251,1.8505951991116696,1.8070402807355483,0.1790296390036879
0.8513057264710804,1.8505951991116696,1.796452817981486,0.1936168685253783
0.6490495372086251,1.8505951991116696,1.7997342442974464,0.2244815828160496
0.6490495372086251,1.8505951991116696,1.7979755256647671,0.23025559464391915
0.04947585362427154,1.8505951991116696,1.7468087068957368,0.3483561066103918
0.8513057264710804,1.8505951991116696,1.8017670243770991,0.19573360722156866
1.2432547649330417,1.8505951991116696,1.8191011033140816,0.11908144681206145
0.44919164268050715,1.8505951991116696,1.7882590353663006,0.23410622845646656
0.04947585362427154,1.8505951991116696,1.7782405850446779,0.2785898936607046
0.6490495372086251,1.8505951991116696,1.8118227008297854,0.19121553042108022
0.04947585362427154,1.8505951991116696,1.8130364096151417,0.21354330932853854
0.2493337481523893,1.8505951991116696,1.7931287967749028,0.23875074981666727
0.04947585362427154,1.8505951991116696,1.7638290342244733,0.315997233899701
0.8513057264710804,1.8505951991116696,1.8047281846934262,0.17419650789749913
0.2493337481523893,1.8505951991116696,1.81157925395671,0.19981575729239642
0.04947585362427154,1.8505951991116696,1.7776139114130611,0.28784428153997027
0.44919164268050715,1.8505951991116696,1.8300594593491664,0.1464139340612538
0.04947585362427154,1.8505951991116696,1.7842404099436557,0.2801409846574031
0.2493337481523893,1.8505951991116696,1.8067105405393413,0.21914026574179332
0.2493337481523893,1.8505951991116696,1.8103742202766808,0.21240135967310103
0.44919164268050715,1.8505951991116696,1.8152494779279937,0.18314309628954256
0.04947585362427154,1.8505951991116696,1.7797006576738275,0.2934029859052356
0.04947585362427154,1.8505951991116696,1.773081855617239,0.3076102949186144
0.04947585362427154,1.8505951991116696,1.750490314055943,0.3253768582651222
0.44919164268050715,1.8505951991116696,1.7908503862446208,0.21786974514024562
0.44919164268050715,1.8505951991116696,1.8217302254822898,0.17187123431483603
0.8489074317367429,1.8505951991116696,1.8015802267403809,0.19395596110113558
0.8489074317367429,1.8505951991116696,1.808372904244849,0.18334503452113787
0.2493337481523893,1.8505951991116696,1.7707273791191145,0.2669186644434795
0.2493337481523893,1.8505951991116696,1.7817004235935963,0.25633428797678287
0.8513057264710804,1.8505951991116696,1.8105433402964812,0.18433495960992127
0.04947585362427154,1.8505951991116696,1.7608250233731173,0.31870682540777173
0.6490495372086251,1.8505951991116696,1.792796825345481,0.2252458269899682
0.2493337481523893,1.8505951991116696,1.7963292096642787,0.25087499837838473
0.8489074317367429,1.8505951991116696,1.8124557353367698,0.174779505149196
0.2493337481523893,1.8505951991116696,1.8103273495572347,0.21460677432900374
0.04947585362427154,1.8505951991116696,1.7872973201133084,0.25500987315230284
0.04947585362427154,1.8505951991116696,1.769022499481907,0.3138618851612226
0.04947585362427154,1.8505951991116696,1.7582124753163142,0.32264602770006384
0.44919164268050715,1.8505951991116696,1.7861281611268247,0.23932649027452493
0.2493337481523893,1.8505951991116696,1.802679662970548,0.22708754769351197
0.44919164268050715,1.8505951991116696,1.7851040529694482,0.24194809669073286
0.2493337481523893,1.8505951991116696,1.7949490745350318,0.22770851972172118
0.04947585362427154,1.8505951991116696,1.7655231606918391,0.3149957726704754
0.04947585362427154,1.8505951991116696,1.7458648653544926,0.31739732811322324
0.2493337481523893,1.8505951991116696,1.7806152424543287,0.2620698283370332
0.04947585362427154,1.8505951991116696,1.766835457569074,0.3106048568035815
0.04947585362427154,1.8505951991116696,1.7628706996657062,0.3112274369415436
0.2493337481523893,1.8505951991116696,1.7439358593504701,0.3340934517138252
0.44919164268050715,1.8505951991116696,1.8006853006551915,0.2210504053469406
0.2493337481523893,1.8505951991116696,1.7691284315779625,0.27289253930144264
0.04947585362427154,1.8505951991116696,1.761565587340184,0.32282240534729595
0.8489074317367429,1.8505951991116696,1.7795468806376835,0.24077718078980137
0.2493337481523893,1.8505951991116696,1.7962972682685021,0.23501690109443535
0.6490495372086251,1.8505951991116696,1.810876221087626,0.17759584926850908
0.04947585362427154,1.8505951991116696,1.7831720177043464,0.25518229989823876
0.8489074317367429,1.8505951991116696,1.809226701665641,0.1668416664185333
0.04947585362427154,1.8505951991116696,1.7700372633622192,0.2925750928484389
0.04947585362427154,1.8505951991116696,1.7468020230615622,0.33689734608225463
0.04947585362427154,1.8505951991116696,1.7646222900418382,0.3056453156316062
0.6490495372086251,1.8505951991116696,1.7976897447726845,0.21709342836019474
0.04947585362427154,1.8505951991116696,1.77870676408414,0.2687560371182616
0.8513057264710804,1.8505951991116696,1.8038796501518986,0.17912581816103867
0.04947585362427154,1.8505951991116696,1.7429762131935795,0.37056965991259394
0.8513057264710804,1.8505951991116696,1.8161030979188373,0.14581372864467865
0.44919164268050715,1.8505951991116696,1.8131992111118347,0.17630881119308345
0.44919164268050715,1.8505951991116696,1.8095578525861966,0.18925932928791878
0.2493337481523893,1.8505951991116696,1.789427431510933,0.23403931276440829
0.6490495372086251,1.8505951991116696,1.7901501925050676,0.23330148394687272
0.8489074317367429,1.8505951991116696,1.7847849583411857,0.2345649414926441
0.8489074317367429,1.8505951991116696,1.800156171653137,0.2123159018087409
0.04947585362427154,1.8505951991116696,1.8240352502447568,0.18601012886329782
0.2493337481523893,1.8505951991116696,1.7698934383179346,0.28361333946094547
0.44919164268050715,1.8505951991116696,1.7977779414362365,0.24408469491380771
0.8513057264710804,1.8505951991116696,1.8077223290997184,0.1831336663332072
0.8513057264710804,1.8505951991116696,1.8144986297650192,0.1661964007141686
0.2493337481523893,1.8505951991116696,1.7793038523493552,0.25898214842035466
0.04947585362427154,1.8505951991116696,1.7994213296917405,0.23057686982076978
0.04947585362427154,1.8505951991116696,1.758004770357455,0.3463231980681304
0.8489074317367429,1.8505951991116696,1.7781409962117658,0.2430463288463423
0.44919164268050715,1.8505951991116696,1.7646797064308877,0.27592169576021186
0.44919164268050715,1.8505951991116696,1.7623795087299163,0.26664019168552006
0.44919164268050715,1.8505951991116696,1.7737963889047978,0.2545227939665106
0.8513057264710804,1.8505951991116696,1.787672282306397,0.22695737447441686
0.6490495372086251,1.8505951991116696,1.7921339750596241,0.2282572985794944
0.6490495372086251,1.8505951991116696,1.7968479358157805,0.22265266472537343
0.04947585362427154,1.8505951991116696,1.7538777328802055,0.33937904590241796
0.6490495372086251,1.8505951991116696,1.7985185281422,0.22496717491065865
0.04947585362427154,1.8505951991116696,1.7847775730669124,0.27067053124430085
0.04947585362427154,1.8505951991116696,1.781172302613206,0.29157778687624214
0.04947585362427154,1.8505951991116696,1.8003782616984685,0.24460322084788882
0.8513057264710804,1.8505951991116696,1.8018062211203578,0.17985694129693625
0.04947585362427154,1.8505951991116696,1.7787828039397444,0.27622926980388013
0.04947585362427154,1.8505951991116696,1.780973689168535,0.2561186705833915
0.8489074317367429,1.8505951991116696,1.7988916860337603,0.20737834807672376
0.04947585362427154,1.8505951991116696,1.7659584789135723,0.31430059620624384
0.44919164268050715,1.8505951991116696,1.8009123193498977,0.22648150196966704
0.04947585362427154,1.8505951991116696,1.7674183834819055,0.31070302671884076
0.8489074317367429,1.8505951991116696,1.8154052827409912,0.15697895643848106
0.44919164268050715,1.8505951991116696,1.8077286624763687,0.19247797188605528
0.6490495372086251,1.8505951991116696,1.8106327818171142,0.16002974176758944
0.8513057264710804,1.8505951991116696,1.7946691816998388,0.20125983534095523
0.8513057264710804,1.8505951991116696,1.8181873651746687,0.17207473839328288
0.44919164268050715,1.8505951991116696,1.8095485509073603,0.19441516300138287
0.2493337481523893,1.8505951991116696,1.8047261631250495,0.22509901912322197
0.04947585362427154,1.8505951991116696,1.8090738916540727,0.2554791923768934
0.44919164268050715,1.8505951991116696,1.8140181116512477,0.1898274237692758
0.2493337481523893,1.8505951991116696,1.8076567575582718,0.22184957913803813
0.8513057264710804,1.8505951991116696,1.8058576004680085,0.1622416696386072
0.44919164268050715,1.8505951991116696,1.8105286916655612,0.20996844829673672
0.04947585362427154,1.8505951991116696,1.785705627619921,0.2634492225326382
0.8489074317367429,1.8505951991116696,1.814121696549207,0.17966638928763223
0.8513057264710804,1.8505951991116696,1.8126961494487424,0.16633978766256263
0.2493337481523893,1.8505951991116696,1.7504425052185897,0.32899149228258584
0.04947585362427154,1.8505951991116696,1.7664559631143246,0.2776780132445383
0.6490495372086251,1.8505951991116696,1.792069683890586,0.21926080221387184
0.8489074317367429,1.8505951991116696,1.7953402026710168,0.18944711529913863
0.8513057264710804,1.8505951991116696,1.7888427315533242,0.22734729713939555
0.8489074317367429,1.8505951991116696,1.8160748694174527,0.17414248776556965
0.04947585362427154,1.8505951991116696,1.7789160133796207,0.2762576303704364
0.8513057264710804,1.8505951991116696,1.8271034930080596,0.1420290709055731
0.44919164268050715,1.8505951991116696,1.7674560498027199,0.2790325499572907
0.6490495372086251,1.8505951991116696,1.7936312267611714,0.21796329024632655
0.2493337481523893,1.8505951991116696,1.7509495398140742,0.3214727368576973
0.2493337481523893,1.8505951991116696,1.761772290113869,0.2820778155972089
0.2493337481523893,1.8505951991116696,1.7867189174487113,0.25821648980017037
0.2493337481523893,1.8505951991116696,1.726713497265903,0.3569962624097197
0.8513057264710804,1.8505951991116696,1.801039722249877,0.19590597074209784
0.44919164268050715,1.8505951991116696,1.7591785478544077,0.2893527349332713
0.2493337481523893,1.8505951991116696,1.7387718990828527,0.33455820794967644
0.04947585362427154,1.8505951991116696,1.7033248315533316,0.40621459833966417
0.44919164268050715,1.8505951991116696,1.7796742750314518,0.26179059967394375
0.04947585362427154,1.8505951991116696,1.7673572956422754,0.3019575333008052
0.2493337481523893,1.8505951991116696,1.7928620037671834,0.25140626216626516
0.2493337481523893,1.8505951991116696,1.7890193975261035,0.2671218487195902
0.04947585362427154,1.8505951991116696,1.8025961211801649,0.24291313242408175
0.8513057264710804,1.8505951991116696,1.8258696253865685,0.13989634042774904
0.2493337481523893,1.8505951991116696,1.8166535434658126,0.19327714804443297
0.44919164268050715,1.8505951991116696,1.7787386880962095,0.251963571414694
0.8513057264710804,1.8505951991116696,1.8076345535438585,0.17538403945448183
0.8513057264710804,1.8505951991116696,1.81741872613426,0.14443647838956244
0.04947585362427154,1.8505951991116696,1.7662562993474469,0.32444327859642513
0.04947585362427154,1.8505951991116696,1.7911840503126653,0.25346513417380123
0.04947585362427154,1.8505951991116696,1.7441085283092155,0.39465814039259495
0.44919164268050715,1.8505951991116696,1.8121210977578093,0.20763698515425758
0.44919164268050715,1.8505951991116696,1.74900766939388,0.29098360811395885
0.8489074317367429,1.8505951991116696,1.7905654159321887,0.22639114974994604
0.8513057264710804,1.8505951991116696,1.818355283204267,0.15284887118486243
0.2493337481523893,1.8505951991116696,1.7996935249928043,0.20477920195939617
0.6490495372086251,1.8505951991116696,1.786421439010026,0.24207660929561303
0.04947585362427154,1.8505951991116696,1.7720496037885898,0.29949156764737767
0.44919164268050715,1.8505951991116696,1.804477525604613,0.18798037753965605
0.6490495372086251,1.8505951991116696,1.8110079392132044,0.1714763827272404
0.6490495372086251,1.8505951991116696,1.8005584795618805,0.20454810128603965
0.6490495372086251,1.8505951991116696,1.7922403421627235,0.21570747425211137
0.44919164268050715,1.8505951991116696,1.7951699826795364,0.2191307833190453
0.04947585362427154,1.8505951991116696,1.738560086335073,0.38707798814689276
0.2493337481523893,1.8505951991116696,1.7974642449545235,0.23703518148878253
0.8513057264710804,1.8505951991116696,1.7968926514795465,0.20759128013145875
0.2493337481523893,1.8505951991116696,1.8160967912748749,0.21417290800210478
0.04947585362427154,1.8505951991116696,1.7515971255415943,0.3450733590493645
0.44919164268050715,1.8505951991116696,1.7822789808450403,0.25756757888574566
0.44919164268050715,1.8505951991116696,1.814863533279387,0.1831426060762217
0.2493337481523893,1.8505951991116696,1.768995835693005,0.29499202810012376
1.4508794100554339,1.8505951991116696,1.8374907932762374,0.064154851242316
0.8513057264710804,1.8505951991116696,1.8195557025934497,0.14918225400437626
0.04947585362427154,1.8505951991116696,1.802837855872715,0.23441468920696223
0.8513057264710804,1.8505951991116696,1.8127710428207962,0.16749202161387092
0.2493337481523893,1.8505951991116696,1.7964912707983125,0.23588256216690545
0.2493337481523893,1.8505951991116696,1.792899808294861,0.2512847315133293
0.04947585362427154,1.8505951991116696,1.7809112090869028,0.29866224301483857
0.2493337481523893,1.8505951991116696,1.7803356104074957,0.27397025964191146
0.2493337481523893,1.8505951991116696,1.7847493249502813,0.25518767885395544
0.44919164268050715,1.8505951991116696,1.809027707098138,0.18792874971715523
0.04947585362427154,1.8505951991116696,1.8061824508317939,0.23016276285710355
0.8513057264710804,1.8505951991116696,1.8073422619772348,0.1635174446982544
0.04947585362427154,1.8505951991116696,1.7649179711214575,0.2716062388878599
0.04947585362427154,1.8505951991116696,1.805635691831605,0.25835648990702825
0.44919164268050715,1.8505951991116696,1.7780443663678818,0.2691483436768033
0.6490495372086251,1.8505951991116696,1.8064211833487462,0.20776720300721074
0.8489074317367429,1.8505951991116696,1.7704692207202561,0.26164425845615114
0.44919164268050715,1.8505951991116696,1.7850469642808247,0.26617726693818533
0.6490495372086251,1.8505951991116696,1.80883708803153,0.19480983995050255
0.6490495372086251,1.8505951991116696,1.800246738159954,0.22078428350050056
0.2493337481523893,1.8505951991116696,1.7947518518649737,0.22848426211464418
0.6490495372086251,1.8505951991116696,1.8144960272195636,0.1781440315482456
0.04947585362427154,1.8505951991116696,1.7819589654253358,0.28527906738311626
0.44919164268050715,1.8505951991116696,1.8151808932498867,0.1655920499985975
0.44919164268050715,1.8505951991116696,1.7995740584637425,0.21458480870426516
0.6490495372086251,1.8505951991116696,1.773395085388272,0.26413125589807196
0.8513057264710804,1.8505951991116696,1.7947450656912283,0.2208524105432441
0.44919164268050715,1.8505951991116696,1.8193706101460463,0.17620565018456671
0.04947585362427154,1.8505951991116696,1.8168371367777119,0.2048513138211583
0.8489074317367429,1.8505951991116696,1.7913307368714033,0.21251913801559227
0.2493337481523893,1.8505951991116696,1.7607459185388228,0.32043732892436433
0.04947585362427154,1.8505951991116696,1.769261407355437,0.3162077456468037
0.8489074317367429,1.8505951991116696,1.7980466295724133,0.20460235325894038
0.04947585362427154,1.8505951991116696,1.8075692076997516,0.22604377347837812
0.2493337481523893,1.8505951991116696,1.7889132502841574,0.2585035394036885
0.04947585362427154,1.8505951991116696,1.781139040171445,0.282700070136771
0.2493337481523893,1.8505951991116696,1.7678526150400031,0.2942568504325974
0.44919164268050715,1.8505951991116696,1.7523584636766132,0.31887430725259297
0.2493337481523893,1.8505951991116696,1.7834428682790304,0.26241891662739464
0.8513057264710804,1.8505951991116696,1.7920290689658074,0.21773551963619514
0.04947585362427154,1.8505951991116696,1.7645385328661662,0.31387231968546336
0.04947585362427154,1.8505951991116696,1.8143399575456665,0.2198308264375206
0.04947585362427154,1.8505951991116696,1.7802588693536976,0.2562158624960461
0.04947585362427154,1.8505951991116696,1.754036855916378,0.3560591852636014
0.6490495372086251,1.8505951991116696,1.8062922035959807,0.20113263113864757
0.8489074317367429,1.8505951991116696,1.817665790494989,0.14545557632133405
0.8489074317367429,1.8505951991116696,1.8167641315070886,0.15285276507284823
0.04947585362427154,1.8505951991116696,1.8195891093549519,0.1914793895341345
0.04947585362427154,1.8505951991116696,1.76642336137701,0.2798985346441008
0.6490495372086251,1.8505951991116696,1.8038199167913107,0.20863856329186042
0.04947585362427154,1.8505951991116696,1.7646838461882572,0.340987675416688
0.8513057264710804,1.8505951991116696,1.8218482163357843,0.15099943062746876
0.6490495372086251,1.8505951991116696,1.8129707127905226,0.18682203141449785
0.04947585362427154,1.8505951991116696,1.7967155948974218,0.2552858799609908
0.2493337481523893,1.8505951991116696,1.807943165895145,0.2071393911652181
0.8513057264710804,1.8505951991116696,1.8222377832961407,0.14154951289741347
0.44919164268050715,1.8505951991116696,1.7710829143999742,0.2609015272194977
0.04947585362427154,1.8505951991116696,1.7889404491805154,0.2526969778066565
0.44919164268050715,1.8505951991116696,1.7583464956105173,0.28294817765184954
0.04947585362427154,1.8505951991116696,1.79305487318166,0.2589064622868994
0.8513057264710804,1.8505951991116696,1.8090936978080132,0.17027072657854114
0.6490495372086251,1.8505951991116696,1.7920313330563573,0.23364248515440023
0.04947585362427154,1.8505951991116696,1.7920927214194315,0.2682695861005658
0.6490495372086251,1.8505951991116696,1.8130687225452897,0.16567979820119116
0.8513057264710804,1.8505951991116696,1.8072061050531645,0.1844594176323188
0.44919164268050715,1.8505951991116696,1.7690378963341076,0.26367353813126937
0.04947585362427154,1.8505951991116696,1.816430923572762,0.2128595965591375
0.04947585362427154,1.8505951991116696,1.7761797254217495,0.27646522057763023
0.6490495372086251,1.8505951991116696,1.803769934348305,0.19148728820278826
0.6490495372086251,1.8505951991116696,1.8175724157961703,0.1701107203949792
0.8513057264710804,1.8505951991116696,1.8338489036465384,0.11461466354147068
0.2493337481523893,1.8505951991116696,1.7401578147876828,0.3376451430067582
0.04947585362427154,1.8505951991116696,1.7999710640295163,0.24292918231929847
0.8489074317367429,1.8505951991116696,1.7902239936481732,0.22728471118761406
0.04947585362427154,1.8505951991116696,1.7832917826113839,0.2817908206865299
0.8513057264710804,1.8505951991116696,1.7931487891751172,0.21905250308422322
0.04947585362427154,1.8505951991116696,1.8065007905904045,0.2226302799667597
0.6490495372086251,1.8505951991116696,1.8276326798240499,0.15544969841607298
